bwv,title,key
001,Wie schön leuchtet der Morgenstern,F major
002,"Ach Gott, vom Himmel sieh darein",G minor
003,"Ach Gott, wie manches Herzeleid",A major
004,Christ lag in Todesbanden,E minor
005,Wo soll ich fliehen hin,G minor
006,"Bleib bei uns, denn es will Abend werden",C minor
007,Christ unser Herr zum Jordan kam,E minor
008,"Liebster Gott, wenn werd ich sterben?",E major
009,Es ist das Heil uns kommen her,E major
010,Meine Seel erhebt den Herren,G minor
011,Lobet Gott in seinen Reichen (Himmelfahrts-Oratorium),D major
012,"Weinen, Klagen, Sorgen, Zagen",F major
013,"Meine Seufzer, meine Tränen",D minor
014,WarWär Gott nicht mit uns diese Zeit,G major
015,Denn du wirst meine Seele nicht in der Hölle lassen,C major
016,"Herr Gott, dich loben wir",A minor
017,"Wer Dank opfert, der preiset mich",A major
018,Gleichwie der Regen und Schnee vom Himmel fällt,G minor
019,Es erhub sich ein Streit,C major
020,"O Ewigkeit, du Donnerwort",F major
021,Ich hatte viel Bekümmernis,C minor
022,Jesus nahm zu sich die Zwölfe,G minor
023,Du wahrer Gott und Davids Sohn,C minor
024,Ein ungefärbt Gemüte,F major
025,Es ist nichts Gesundes an meinem Leibe,E minor
026,"Ach wie flüchtig, ach wie nichtig",A minor
027,"Wer weiss, wie nahe mir mein Ende",C minor
028,Gottlob! nun geht das Jahr zu Ende,A minor
029,"Wir danken dir, Gott, wir danken dir",D major
030,"Freue dich, erlöste Schar",D major
030a,Angenehmes Wiederau,D major
031,Der Himmel lacht! die Erde jubiliert,C major
032,"Liebster Jesu, mein Verlangen",E minor
033,"Allein zu dir, Herr Jesu Christ",A minor
034,"O ewiges Feuer, o Ursprung der Liebe",D major
034a,"O ewiges Feuer, o Ursprung der Liebe",D major
035,Geist und Seele wird verwirret,D minor
036,Schwingt freudig euch empor,D major
036a,Steigt freudig in die Luft,
036b,Die Freude reget sich,D major
036c,Schwingt freudig euch empor,D major
037,Wer da glaubet und getauft wird,A major
038,Aus tiefer Not schrei ich zu dir,E minor
039,Brich dem Hungrigen dein Brot,G minor
040,Dazu ist erschienen der Sohn Gottes,F major
041,"Jesu, nun sei gepreiset",C major
042,Am Abend aber desselbigen Sabbats,D major
043,Gott fähret auf mit Jauchzen,C major
044,Sie werden euch in den Bann tun,G minor
045,"Es ist dir gesagt, Mensch, was gut ist",E major
046,Schauet doch und sehet,D minor
047,Wer sich selbst erhöhet,G minor
048,"Ich elender Mensch, wer wird mich erlösen",G minor
049,Ich geh' und suche mit Verlangen,E major
050,Nun ist das Heil und die Kraft,D major
051,Jauchzet Gott in allen Landen,C major
052,"Falsche Welt, dir trau ich nicht",F major
053,"Schlage doch, gewünschte Stunde",E major
054,Widerstehe doch der Sünde,E♭ major
055,"Ich armer Mensch, ich Sündenknecht",G minor
056,Ich will den Kreuzstab gerne tragen,G minor
057,Selig ist der Mann,G minor
058,"Ach Gott, wie manches Herzeleid",C major
059,"Wer mich liebet, der wird mein Wort halten",C major
060,"O Ewigkeit, du Donnerwort (Dialogue zwischen Furcht und Hoffnung)",D major
061,"Nun komm, der Heiden Heiland",A minor
062,"Nun komm, der Heiden Heiland",B minor
063,"Christen, ätzet diesen Tag",C major
064,"Sehet, welch eine Liebe",E minor
065,Sie werden aus Saba alle kommen,C major
066,"Erfreut euch, ihr Herzen",D major
066a,Der Himmel dacht auf Anhalts Ruhm und Glück,
067,Halt im Gedächtnis Jesum Christ,A major
068,Also hat Gott die Welt geliebt,D minor
069,"Lobe den Herrn, meine Seele",D major
069a,"Lobe den Herrn, meine Seele",D major
070,"Wachet, betet, seid bereit allezeit!",C major
070a,"Wachet, betet, seid bereit allezeit!",C major
071,Gott ist mein König,C major
072,Alles nur nach Gottes Willen,A minor
073,"Herr, wie du willt, so schick's mit mir",G minor
074,"Wer mich liebet, der wird mein Wort halten",C major
075,Die Elenden sollen essen,E minor
076/1,Die Himmel erzählen die Ehre Gottes,C major
076/2,Die Himmel erzählen die Ehre Gottes,C major
077,"Du sollt Gott, deinen Herren, lieben",C major
078,"Jesu, der du meine Seele",G minor
079,Gott der Herr ist Sonn und Schild,G major
080,Ein feste Burg ist unser Gott,D major
080a,"Alles, was von Gott geboren",D major
080b,Ein feste Burg ist unser Gott,
081,"Jesus schläft, was soll ich hoffen?",E minor
082,Ich habe genug,C minor
083,Erfreute Zeit im neuen Bunde,F major
084,Ich bin vergnügt mit meinem Glücke,E minor
085,Ich bin ein guter Hirt,C minor
086,"Wahrlich, wahrlich, ich sage euch",E major
087,Bisher habt ihr nichts gebeten in meinem Namen,D minor
088,"Siehe, ich will viel Fischer aussenden",D major
089,"Was soll ich aus dir machen, Ephraim",C minor
090,Es reißet euch ein schrecklich Ende,D minor
091,"Gelobet seist du, Jesu Christ",G major
092,Ich hab in Gottes Herz und Sinn,B minor
093,Wer nur den lieben Gott lässt walten,C minor
094,Was frag ich nach der Welt,D major
095,"Christus, der ist mein Leben",G major
096,"Herr Christ, der einge Gottessohn",F major
097,In allen meinen Taten,B♭ major
098,"Was Gott tut, das ist Wohlgethan",B♭ major
099,"Was Gott tut, das ist wohlgetan",G major
100,"Was Gott tut, das ist wohlgetan",G major
101,"Nimm von uns, Herr, du treuer Gott",D minor
102,"Herr, deine Augen sehen nach dem Glauben",G minor
103,Ihr werdet weinen und heulen,B minor
104,"Du Hirte Israel, höre",G major
105,"Herr, gehe nicht ins Gericht mit deinem Knecht",G minor
106,Gottes Zeit ist die allerbeste Zeit (Actus Tragicus),E♭ major
107,Was willst du dich betrüben,B minor
108,"Es ist euch gut, daß ich hingehe",A major
109,"Ich glaube, lieber Herr",D minor
110,Unser Mund sei voll Lachens,D major
111,"Was mein Gott will, das g'scheh allzeit",A major
112,Der Herr ist mein getreuer Hirt,G major
113,"Herr Jesu Christ, du höchstes Gut",B minor
114,"Ach, lieben Christen, seid getrost",G minor
115,"Mache dich, mein Geist, bereit",G major
116,"Du Friedefürst, Herr Jesu Christ",A major
117,Sei Lob und Ehr dem höchsten Gut,G major
118,"O Jesu Christ, mein's Lebens Licht",B♭ major
119,"Preise, Jerusalem, den Herren",C major
120,"Gott, man lobet dich in der Stille",A major
120a,"Herr Gott, Beherrscher aller Dinge",D major
120b,"Gott, man lobet dich in der Stille",
121,Christum wir sollen loben schon,E minor
122,Das neugeborne Kindelein,G minor
123,"Liebster Immanuel, Herzog der Frommen",B minor
124,Meinen Jesum lass ich nicht,E major
125,Mit Fried und Freud ich fahr dahin,E minor
126,"Erhalt uns, Herr, bei deinem Wort",A minor
127,"Herr Jesu Christ, wahr' Mensch und Gott",F major
128,Auf Christi Himmelfahrt allein,G major
129,"Gelobet sei der Herr, mein Gott",D major
130,"Herr Gott, dich loben alle wir",C major
131,"Aus der Tiefe rufe ich, Herr, zu dir",G minor
131a,Fugue,G minor
132,"Bereitet die Wege, bereitet die Bahn",A major
133,Ich freue mich in dir,D major
134,"Ein Herz, das seinen Jesum lebend weiß",B♭ major
134a,"Die Zeit, die Tag und Jahre macht",B♭ major
135,"Ach Herr, mich armen Sünder",E minor
136,"Erforsche mich, Gott, und erfahre mein Herz",A major
137,"Lobe den Herren, den mächtigen König der Ehren",C major
138,"Warum betrübst du dich, mein Herz",B minor
139,"Wohl dem, der sich auf seinen Gott",E major
140,"Wachet auf, ruft uns die Stimme",E♭ major
141,Das ist je gewisslich wahr,G major
142,Uns ist ein Kind geboren,A minor
143,"Lobe den Herrn, meine Seele",B♭ major
144,"Nimm, was dein ist, und gehe hin",B minor
145,"Ich lebe, mein Herze, zu deinem Ergötzen",D major
146,Wir müssen durch viel Trübsal in das Reich Gottes eingehen,D minor
147,Herz und Mund und Tat und Leben,C major
147a,Herz und Mund und Tat und Leben,
148,Bringet dem Herrn Ehre seines Namens,D major
149,Man singet mit Freuden vom Sieg,D major
150,"Nach dir, Herr, verlanget mich",B minor
151,"Süsser Trost, mein Jesus kömmt",G major
152,Tritt auf die Glaubensbahn,
153,"Schau, lieber Gott, wie meine Feind",A minor
154,Mein liebster Jesus ist verloren,B minor
155,"Mein Gott, wie lang, ach lange",D minor
156,Ich steh mit einem Fuß im Grabe,F major
157,"Ich lasse dich nicht, du segnest mich denn!",B minor
157a,"Ich lasse dich nicht, du segnest mich denn!",B minor
158,Der Friede sei mit dir,D major
158a,Der Friede sei mit dir,D major
159,"Sehet, wir geh'n hinauf gen Jerusalem",C minor
160,"Ich weiss, dass mein Erlöser lebt",C major
161,"Komm, du süsse Todesstunde",C major
162,"Ach! ich sehe, itzt, da ich zur Hochzeit gehe",A minor
163,Nur jedem das Seine,B minor
164,"Ihr, die ihr euch von Christo nennet",G minor
165,O heilges Geist- und Wasserbad,G major
166,Wo gehest du hin,B♭ major
167,"Ihr Menschen, rühmet Gottes Liebe",G major
168,Tue Rechnung! Donnerwort,B minor
169,Gott soll allein mein Herze haben,D major
170,"Vergnügte Ruh, beliebte Seelenlust",D major
171,"Gott, wie dein Name, so ist auch dein Ruhm",D major
172/1,"Erschallet, ihr Lieder",D major
172/2,"Erschallet, ihr Lieder",C major
173,Erhöhtes Fleisch und Blut,D major
173a,Durchlauchtster Leopold,D major
174,Ich liebe den Höchsten von ganzem Gemüte,G major
175,Er rufet seinen Schafen mit Namen,G major
176,Es ist ein trotzig und verzagt Ding,C minor
177,"Ich ruf zu dir, Herr Jesu Christ",G minor
178,Wo Gott der Herr nicht bei uns hält,A minor
179,"Siehe zu, dass deine Gottesfurcht",G major
180,"Schmücke dich, o liebe Seele",F major
181/1,Leichtgesinnte Flattergeister,E minor
182/1,"Himmelskönig, sei willkommen",G major
182/2,"Himmelskönig, sei willkommen",G major
183,Sie werden euch in den Bann tun,A minor
184,Erwünschtes Freudenlicht,G major
184a,Cantata,G major
185,Barmherziges Herze der ewigen Liebe,F♯ minor
186,"ArgeÄrgre dich, o Seele, nicht",G minor
186a,"ArgeÄrgre dich, o Seele, nicht",
187,Es wartet alles auf dich,G minor
188,Ich habe meine Zuversicht,D minor
189,Meine Seele rühmt und preist,B♭ major
190,Singet dem Herrn ein neues Lied,D major
190a,Singet dem Herrn ein neues Lied,D major
191,Gloria in excelsis Deo,D major
192,Nun danket alle Gott,G major
193,Ihr Tore zu Zion,D major
193a,"Ihr Häuser des Himmels, ihr scheinenden Lichter",
194,Höchsterwünschtes Freudenfest,B♭ major
194a,Cantata [for the consecration of the organ at Störmthal],
195,Dem Gerechten muss das Licht,D major
196,Der Herr denket an uns,C major
197,Gott ist unsre Zuversicht,D major
197a,Ehre sei Gott in der Höhe,D major
198,"Lass, Fürstin, lass noch einen Strahl (Trauer-Ode)",B minor
199,Mein Herze schwimmt im Blut,C minor
200,Bekennen will ich seinen Namen,E major
201,"Geschwinde, ihr wirbelnden Winde (Der Streit zwischen Phoebus und Pan)",D major
202,"Weichet nur, betrübte Schatten",G major
203,Amore traditore,A minor
204,Ich bin in mir vergnügt,B♭ major
205,"Zerreißet, zersprenget, zertrümmert die Gruft (Der zufriedengestellte Aeolus)",D major
205a,"Blast Lärmen, ihr Feinde! verstärket die Macht",D major
206/1,"Schleicht, spielende Wellen",D major
206/2,"Schleicht, spielende Wellen",D major
207,Vereinigte Zwietracht der wechselnden Saiten,D major
207a,"Auf, schmetternde Töne der muntern Trompeten",D major
208/1,"Was mir behagt, ist nur die muntre Jagd (Jagdkantate)",F major
208/2,"Was mir behagt, ist nur die muntre Jagd (Jagdkantate)",F major
208a,"Was mir behagt, ist nur die muntre Jagd (Frolockender Goetterstreit)",F major
209,Non sa che sia dolore,B minor
210,"O holder Tag, erwünschte Zeit",A major
210a,O angenehme Melodei,A major
211,"Schweigt stille, plaudert nicht (""Kaffee-Kantate"" / ""Coffee Cantata"")",G major
212,"Mer hahn en neue Oberkeet (""Bauernkantate"" / ""Peasant Cantata"")",A major
213,"Laßt uns sorgen, laßt uns wachen (Hercules auf dem Scheidewege)",F major
214,"Tönet, ihr Pauken! Erschallet, Trompeten!",D major
215,"Preise dein Glücke, gesegnetes Sachsen",D major
216,Vergnügte Pleissenstadt (Apollo et Mercurius),C major
216a,Erwählte Pleissenstadt (Apollo et Mercurius),
217,"Gedenke, Herr, wie es uns gehet",D minor
218,Gott der Hoffnung erfülle euch,D major
219,"Siehe, es hat überwunden",D major
220,Lobt ihn mit Herz und Munde,B minor
221,"Wer sucht die Pracht, wer wünscht den Glanz",B minor
222,Mein Odem ist schwach,D major
223,Meine Seele soll Gott loben,B♭ major
224,"Reißt euch los, bekränkte Sinnen",D minor
225,Singet dem Herrn ein neues Lied,B♭ major
226,Der Geist hilft unser Schwachheit auf,B♭ major
227,"Jesu, meine Freude",E minor
228,"Fürchte dich nicht, ich bin bei dir",A major
229,"Komm, Jesu, komm",G minor
230,"Lobet den Herrn, alle Heiden (Psalm 117)",C major
231,Sei Lob und Preis mit Ehren,C major
232,Mass,B minor
233,Mass,F major
233a,"Kyrie (""Christe du Lamm Gottes"")",F major
234,Mass,A major
235,Mass,G minor
236,Mass,G major
237,Sanctus,C major
238,Sanctus,D major
239,Sanctus,D minor
240,Sanctus,G major
241,Sanctus,D major
242,Christe eleison,G minor
243,Magnificat,D major
243a,Magnificat,E♭ major
244,Matthäuspassion  (St. Matthew Passion),
244a,"Klagt, Kinder, klagt es aller Welt",
244b,Matthäuspassion  (St. Matthew Passion),
245,Johannespassion (St. John Passion),
246,Lukaspassion (St. Luke Passion),
247,Markuspassion (St. Mark Passion),
248,Weihnachts-Oratorium (Christmas Oratorio):,
248/1,"Jauchzet, frohlocket, auf, preiset die Tage",
248/2,Und es waren Hirten in derselben Gegend,
248/3,"Herrscher des Himmels, erhöre das Lallen",
248/4,"Fallt mit Danken, fallt mit Loben",
248/5,"Ehre sei dir, Gott, gesungen",
248/6,"'Herr, wenn die stolzen Feinde schnauben",
248a,Cantata,
249/1,"Kommt, eilet und laufet",
249/2,Oster-Oratorium (Easter Oratorio),
249a,"Entfliehet, verschwindet, entweichet, ihr Sorgen (""Schäferkantate"" or ""Shepherd Cantata"")",
249b,"Verjaget, zerstreuet, zerrütet, ihr Sterne (""Die Feier des Genius"")",
250,"Was Gott tut, das ist wohlgetan",
251,Sei Lob und Ehr dem höchsten Gut,
252,Nun danket alle Gott,
253,"Ach bleib bei uns, Herr Jesu Christ",
254,"Ach Gott, erhör mein Seufzen",
255,Ach Gott und Herr,
256,"Ach, lieben Christen, seidgetrost",
257,Wär Gott nicht mit uns diese Zeit,
258,Wo Gott der Herr nicht bei uns hält,
259,"Ach, was soll ich Sünder machen",
260,Allein Gott in der Höh sei Ehr,
261,"Allein zu dir, Herr Jesu Christ",
262,Alle Menschen müssen sterben,
263,Alles ist an Gottes Segen,
264,Als der gütige Gott vollenden wollt sein Wort,
265,Als Jesus Christus in der Nacht,
266,Als vierzig Tag nach Ostern war,
267,An Wasserflüssen Babylon,
268,"Auf, auf, mein Herz, und du, meinganzer Sinn",
269,Aus meines Herzens Grunde,
270,Befiehl du deine Wege (I),
271,Befiehl du deine Wege (II),
272,Befiehl du deine Wege (III),
273,"Christ, der du bist der helle Tag",
274,"Christe, der du bist Tag und Licht",
275,Christe du Beistand deiner Kreuzgemeine,
276,Christ ist erstanden'',
277,Christ lag in Todes Banden (I),
278,Christ lag in Todes Banden (II),
279,Christ lag in Todes Banden (III),
280,"Christ, unser Herr, zum Jordankam",
281,"Christus, der ist mein Leben (I)",
282,"Christus, der ist mein Leben (II)",
283,"Christus, der uns selig macht",
284,"Christus ist erstanden, hat überwunden",
285,Da der Herr Christ zu Tischesass,
286,"Danket dem Herren, denn er istsehr freundlich",
287,Dank sei Gott in der Höhe,
288,Das alte Jahr vergangen ist (I),
289,Das alte Jahr vergangen ist (II),
290,Das walt mein Gott Vater und Gott Sohn,
291,Das walt mein Gott Vater und Gott Sohn und heilger Geist,
292,Den Vater dort oben,
293,Der du bist drei in Einigkeit,
294,"Der Tag, der ist so freudenreich",
295,Des heilgen Geistes reiche Gnad,
296,Die Nacht ist kommen,
297,Die Sonn hat sich mit ihrem Glanz],
298,Dies sind die heilgen zehn Gebot,
299,"Dir, dir, Jehova, will ich singen",
300,Du grosser Schmerzensmann,
301,"Du, o schönes Weltgebäude",
302,Ein feste Burg ist unser Gott (I),
303,Ein feste Burg ist unser Gott (II),
304,"Eins ist Not! ach Herr, dies Eine",
305,"Erbarm' dich mein, o Herre Gott",
306,Erstanden ist der heilge Christ,
307,Es ist gewisslich an der Zeit,
308,Es spricht der unweisen Mundwohl,
309,Es stehn vor Gottes Throne,
310,Es wird schier der letzte Tagherkommen,
311,Es woll uns Gott genädig sein (I),
312,Es woll uns Gott genädig sein (II),
313,Für Freuden lasst uns springen,
314,"Gelobet seist du, Jesu Christ",
315,Gib dich zufrieden und sei stille (I),
316,"Gott, der du selber bist das Licht",
317,"Gott, der Vater wohn uns bei",
318,Gottes Sohn ist kommen,
319,Gott hat das Evangeliums,
320,Gott lebet noch,
321,"Gottlob, es geht nunmehr zu Ende",
322,Gott sei gelobet und gebenedeiet,
323,Gott sei uns gnädig und barmherzig,
324,Meine Seele erhebt den Herrn,
325,"Heilig, heilig, heilig",
326,"Herr Gott, dich loben alle wir",
327,Für deinen Thron tret ich hiermit,
328,"Herr Gott, dich loben wir",
329,"Herr, ich denk an jene Zeit",
330,"Herr, ich habe missgehandelt (I)",
331,"Herr, ich habe missgehandelt (II)",
332,"Herr Jesu Christ, dich zu unswend",
333,"Herr Jesu Christ, du hast bereit",
334,"Herr Jesu Christ, du höchstes Gut",
335,"Herr Jesu Christ, meins Lebens Licht",
336,"Herr Jesu Christ, wahr Menschund Gott",
337,"Herr, nun lass in Friede",
338,"Herr, straf mich nicht in deinem Zorn",
339,"Herr, wie du willst, so schicksmit mir",
340,"Herzlich lieb hab ich dich, o Herr",
341,"Heut ist, o Mensch, ein grosser Trauertag",
342,Heut triumphieret Gottes Sohn,
343,"Hilf, Gott, dass mir gelinge",
344,"Hilf, Herr Jesu, lass gelingen",
345,"Ich bin ja, Herr, in deiner Macht",
346,"Ich dank dir, Gott, für all Wohltat",
347,"Ich dank dir, lieber Herre (I)",
348,"Ich dank dir, lieber Herre (II)",
349,Ich dank dir schon durch deinen Sohn,
350,"Ich dank dir, o Gott, in deinem Throne",
351,Ich hab mein Sach Gottheimgestellt,
352,"Jesu, der du meine Seele (I)",
353,"Jesu, der du meine Seele (II)",
354,"Jesu, der du meine Seele (III)",
355,"Jesu, der du selbsten wohl",
356,"Jesu, du mein liebstes Leben",
357,"Jesu, Jesu, du bist mein",
358,"Jesu, meine Freude",
359,"Jesu, meiner Seelen Wonne (I)",
360,"Jesu, meiner Seelen Wonne (II)",
361,"Jesu, meines Herzens Freud",
362,"Jesu, nun sei gepreiset",
363,"Jesus Christus, unser Heiland (I)",
363,"Jesus Christus, unser Heiland (II)",
364,"Jesus Christus, unser Heiland (III)",
365,"Jesus, Meine Zuversicht",
366,"Ihr Gestrin, ihr hohlen Lüfte",
367,In allen meinen Taten,
368,In dulci jubilo,
369,Keinen hat Gott verlassen,
370,"Komm, Gott Schöpfer, heiliger Geist",
371,"Kyrie, Gott Vater in Ewigkeit",
372,"Lass, o Herr, dein Ohr sichneigen",
373,"Liebster Jesu, wir sind hier",
374,"Lobet den Herrn, denn er ist sehrfreundlich",
375,"Lobt Gott, ihr Christen, allzugleich (I)",
376,"Lobt Gott, ihr Christen, allzugleich (II)",
377,"Machs mit mir, Gott, nach deiner Güt",
378,Mein augen schliess ich jetzt,
379,"Meinem Jesum lass ich nicht, Jesus",
380,Meinen Jesum lass ich nicht,
381,Meines Lebens letzte Zeit,
382,Mit Fried und Freud ich fahr dahin,
383,Mitten wir im Leben sind,
384,"Nicht so traurig, nicht so sehr",
385,Nun bitten wir den heiligen Geist,
386,Nun danket alle Gott,
387,"Nun freut euch, Gottes Kinder all",
388,"Nun freut euch, lieben Christeng mein",
389,"Nun lob, mein Seel, den Herren (I)",
390,"Nun lob, mein Seel, den Herren (II)",
391,Nun preiset alle Gottes Barmherzigkeit,
392,Nun ruhen alle Wälder,
393,"O Welt, sieh hier dein Leben (I)",
394,"O Welt, sieh hier dein Leben (II)",
395,"O Welt, sieh hier dein Leben (III)",
396,Nun sich der Tag geendet hat,
397,"O Ewigkeit, du Donnerwort",
398,"O Gott, du frommer Gott (II)",
399,"O Gott, du frommer Gott (I)",
400,"O Herzensangst, o Bangigkeit, und Zagen!",
401,"O Lamm Gottes, unschuldig",
402,"O Mensch, bewein dein Sünde gross",
403,"O Mensch, schau Jesum Christuman",
404,"O Traurigkeit, o Herzeleid",
405,"O wie selig seid ihr doch, ihr Frommen (I)",
406,"O wie selig seid ihr doch, ihr Frommen (II)",
407,O wir armen Sünder,
408,"Schaut, ihr Sünder!",
409,Seelen-Bräutigam,
410,"Sei gegrüsset, Jesu gütig,",
411,Singet dem Herrn ein neues Lied,
412,"So giebst du nun, mein Jesu, gute Nacht",
413,Sollt ich meinem Gott nichtsingen,
414,Uns ist ein Kindlein heut geborn,
415,Valet will ich dir geben,
416,Vater unser im Himmelreich,
417,Von Gott will ich nicht lassen (I),
418,Von Gott will ich nicht lassen (II),
419,Von Gott will ich nicht lassen (III),
420,"Warum betrübst du dich, mein Herz (I)",
421,"Warum betrübst du dich, mein Herz (II)",
422,Warum sollt ich mich denn grämen,
423,"Was betrübst du dich, mein Herz",
424,"Was bist du doch, o Seele, sobetrübet",
425,"Was willst du dich, o meine Seele",
426,Weltlich Ehr und zeitlich Gut,
427,Wenn ich in Angst und Not,
428,Wenn mein Stündlein vorhanden ist (I),
429,Wenn mein Stündlein vorhanden ist (II),
430,Wenn mein Stündlein vorhanden ist (III),
431,Wenn wir in höchsten Nöten sein (I),
432,Wenn wir in höchsten Nöten sein (II),
433,"Wer Gott vertraut, hat wohlgebaut",
434,Wer nur den lieben Gott lässt walten,
435,"Wie bist du, Seele, in mir so gar betrübt",
436,Wie schön leuchtet der Morgenstern,
437,Wir glauben all an einen Gott,
438,Wo Gott zum Haus nicht gibt sein Gunst (I),
439,"Ach, dass nicht die letzte Stunde",
440,"Auf, auf! die rechte Zeit ist hier",
441,"Auf, auf! mein Herz, mit Freuden",
442,Beglückter Stand getreuer Seelen,
443,"Beschränkt, ihr Weisen dieser Welt",
444,"Brich entzwei, mein armes Herze",
445,Brunnquell aller Güter,
446,Der lieben Sonne Licht und Pracht,
447,"Der Tag ist hin, die Sonne gehet nieder",
448,Der Tag mit seinem Lichte,
449,"Dich bet ich an, mein höchster Gott",
450,Die bittre Leidenszeit beginnet abermal,
451,"Die goldne Sonne, voll Freud' und Wonne",
452,"Dir, dir, Jehova, will ich singen",
453,"Eins ist Not! ach Herr, dies Eine",
454,"Ermuntre dich, mein schwacher Geist",
455,Erwürgtes Lamm! das die verwahrten Siegel,
456,Es glänzet der Christen inwendiges Leben,
457,Es ist nun aus mit meinem Leben,
458,Es ist vollbracht! vergiss ja nicht dies Wort,
459,"Es kostet viel, ein Christ zu sein",
460,Gib dich zufrieden und sei stille,
461,Gott lebet noch,
462,"Gott, wie gross ist deine Güte",
463,"Herr, nicht schicke deine Rache",
464,"Ich bin ja, Herr, in deiner Macht",
465,Ich freue mich in dir,
466,Ich halte treulich still,
467,Ich lass dich nicht,
468,Ich liebe Jesum alle Stund,
469,Ich steh' an deiner Krippen hier,
470,"Jesu, Jesu, du bist mein",
471,"Jesu, deine Liebeswunden",
472,"Jesu, meines Glaubens Zier",
473,"Jesu, meines Herzens Freud",
474,Jesus ist das schönste Licht,
475,"Jesus, unser Trost und Leben",
476,"Ihr Gestirn, ihr hohen Lüfte",
477,Kein Stündlein geht dahin,
478,"Komm, süsser Tod",
479,"Kommt, Seelen, dieser Tag",
480,Kommt wieder aus der finstern Gruft,
481,Lasset uns mit Jesu ziehen,
482,"Liebes Herz, bedenke doch",
483,"Liebster Gott, wann werd ich sterben?",
484,"Liebster Herr Jesu, wo bleibst du so lange?",
485,"Liebster Immanuel, Herzog der Frommen",
486,"Mein Jesu, dem die Seraphinen",
487,Mein Jesu! was für Seelenweh,
488,Meines Lebens letzte Zeit,
489,"Nicht so traurig, nicht so sehr",
490,Nur mein Jesus ist mein Leben,
491,O du Liebe meiner Liebe,
492,"O finstre Nacht, wann wirst du doch vergehen",
493,O Jesulein süss,
494,"O liebe Seele, zieh die Sinnen",
495,"O wie selig seid ihr doch, ihr Frommen",
496,"Seelenbräutigam, Jesu, Gottes Lamm",
497,"Seelenweide, mein Freude",
498,Selig! wer an Jesum denkt,
499,"Sei gegrüsset, Jesu gütig",
500,"So gehst du nun, mein Jesu, hin",
500a,"So gehst du nun, mein Jesu, hin",
501,"So gibst du nun, mein Jesu, gute Nacht",
502,So wünsch ich mir zu guter Letzt,
503,Steh ich bei meinem Gott,
504,"Vergiss mein nicht, dass ich dein nicht vergesse",
505,"Vergiss mein nicht, mein allerliebster Gott",
506,"Was bist du doch, o Seele, so betrübet",
507,"Wo ist mein Schäflein, das ich liebe",
508,Bist du bei mir,
509,"Gedenke doch, mein Geist",
510,Gib dich zufrieden und sei stille (II),
511,Gib dich zufrieden und sei stille,G minor
512,Gib dich zufrieden und sei stille (II),E minor
513,"O Ewigkeit, du Donnerwort",
514,"Schaffs mit mir, Gott, nach deinem Willen",
515,So oft ich meine Tobackspfeife,
515a,So oft ich meine Tobackspfeife,
516,Warum betrübst du dich,
517,"Wie wohl ist mir, o Freund der Seelen",
518,Willst du dein Herz mir schenken,
519,Hier lieg’ ich nun,
520,Das walt’ mein Gott,
521,Gott mein Herz dir Dank zusendet,
522,"Meine Seele, laß es gehen",
523,Ich gnüge mich an meinem Stande,
524,"Quodlibet (""Was sind das für große Schlösser"")",
525,Organ Sonata No.1,E♭ major
526,Organ Sonata No.2,C minor
527,Organ Sonata No.3,D minor
528,Organ Sonata No.4,E minor
529,Organ Sonata No.5,C major
530,Organ Sonata No.6,G major
531,Prelude and Fugue,C major
532,Prelude and Fugue,D major
532a,Prelude and Fugue,D major
533,"Prelude and Fugue (""Cathedral"")",E minor
533a,Prelude and Fugue,E minor
534,Prelude and Fugue,F minor
535,Prelude and Fugue,G minor
535a,Prelude and Fugue,G minor
536,Prelude and Fugue,A major
536a,Prelude and Fugue,A major
537,Fantasia and Fugue,C minor
538,Toccata and Fugue (“Dorian”),D minor
539,Prelude and Fugue,D minor
540,Toccata and Fugue,F major
541,Prelude and Fugue,G major
542,Fantasia and Fugue (“Great”),G minor
543,Prelude and Fugue,A minor
544,Prelude and Fugue,B minor
545,Prelude and Fugue,C major
545a,Prelude and Fugue,C major
545b,"Prelude, Trio and Fugue",C major
546,Prelude and Fugue,C minor
547,Prelude and Fugue,C major
548,Prelude and Fugue,E minor
549,"Prelude and Fugue (""Arnstadt"")",C minor
549a,"Prelude and Fugue (""Arnstadt"")",D minor
550,Prelude and Fugue,G major
551,Prelude and Fugue,A minor
552,"Prelude and Fugue (""St. Anne"")",E♭ major
0552z553–560,Kleine Präludien und Fugen (8):,
553,Prelude and Fugue,C major
554,Prelude and Fugue,D minor
555,Prelude and Fugue,E minor
556,Prelude and Fugue,F major
557,Prelude and Fugue,G major
558,Prelude and Fugue,G minor
559,Prelude and Fugue,A minor
560,Prelude and Fugue,B♭ major
561,Fantasia and Fugue,A minor
562,Fantasia and Fugue,C minor
563,Fantasia with Imitation,B minor
564,"Toccata, Adagio and Fugue",C major
565,Toccata and Fugue,D minor
566,Toccata and Fugue,E major
566a,Toccata and Fugue,C major
567,Prelude,C major
568,Prelude,G major
569,Prelude,A minor
570,Fantasia,C major
571,Fantasia,G major
572,"Fantasia (""Pièce d'orgue"")",G major
573,Fantasia,C major
574,Fugue on a Theme by Giovanni Legrenzi (Fuge über ein Thema von Giovanni Legrenzi),C minor
574a,Fugue on a Theme by Giovanni Legrenzi (Fuge über ein Thema von Giovanni Legrenzi),C minor
574b,Fugue on a Theme by Giovanni Legrenzi (Fuge über ein Thema von Giovanni Legrenzi),C minor
575,Fugue,C minor
576,Fugue,G major
577,Fugue,G major
578,"Fugue (""Little"")",G minor
579,Fugue on a Theme by Corelli (Fuge über ein Thema von Corelli),B minor
580,Fugue,D major
581,Fugue,G major
582,Passacaglia,C minor
583,Trio,D minor
584,Trio,G minor
585,Trio,C minor
586,Trio,G major
587,Aria,F major
588,Canzona,D minor
589,Alla breve,D major
590,Pastorale,F major
591,Kleines harmonisches Labyrinth,C major
592,Organ Concerto,G major
592a,Harpsichord Concerto,G major
593,Organ Concerto,A minor
594,Organ Concerto,C major
595,Organ Concerto,C major
596,Organ Concerto,D minor
597,Organ Concerto,E♭ major
598,Pedal-Exercitium,G minor
598a,"Das Orgel-Büchlein (""Little Organ Book"")",
599,Nun komm der Heiden Heiland (I),A major
600,"Gott, durch deine Güte (""Gottes Sohn ist kommen"")",F major
601,"Herr Christ, der einge Gottessohn (I) (""Herr Gott, nun sei gepreiset"")",A major
602,Lob sei dem allmächtigen Gott (I),D minor
603,Puer natus in Bethlehem,G minor
604,"Gelobet seist du, Jesu Christ (I)",G major
605,"Der Tag, der ist so freudenreich (I)",G major
606,"Vom Himmel hoch, da komm ich her (I)",D major
607,Vom Himmel kam der Engel schar,G mnor
608,In dulci jubilo (I),A major
609,"Lobt Gott, ihr Christen, allzugleich (I)",G major
610,"Jesu, meine Freude (I)",C minor
611,Christum wir sollen loben schon,E minor
612,Wir Christenleut (I),G minor
613,Helft mir Gottes Güte preisen (I),B minor
614,Das alte Jahr vergangen ist (I),A minor
615,In dir ist Freude,G major
616,Mit Fried' und Freud' ich fahrdahin,D minor
617,"Herr Gott, nun schleuss den Himmel auf (I)",A minor
618,O Lamm Gottes unschuldig (I),F major
619,"Christe, du Lamm Gottes",F major
620,"Christus, der uns selig macht (I)",A minor
620a,"Christus, der uns selig macht (II)",A minor
621,Da Jesus an dem Kreuze stund',A minor
622,"O Mensch, bewein' dein' Sünde groß",E♭ major
623,"Wir danken dir, Herr Jesu Christ",G major
624,"Hilf Gott, daß mir's gelinge",G minor
625,Christ lag in Todesbanden (I),D minor
626,"Jesus Christus, unser Heiland (I)",A minor
627,Christ ist erstanden (I),D minor
628,Erstanden ist der heil'ge Christ (I),D major
629,Erschienen ist der herrliche Tag,D minor
630,Heut triumphieret Gottes Sohn (I),D minor
630a,Heut triumphieret Gottes Sohn (II),D minor
631,"Komm, Gott Schöpfer, heiliger Geist (I)",G major
631a,"Komm, Gott Schöpfer, heiliger Geist (II)",G major
632,"Herr Jesu Christ, dich zu unswend (I)",F major
633,"Liebster Jesu, wir sind hier (I)",A major
634,"Liebster Jesu, wir sind hier (II)",A major
635,Dies sind die heilgen zehn Gebot (I),C major
636,Vater unser im Himmelreich (I),D minor
637,Durch Adams Fall ist ganzverderbt (I),A minor
637,Durch Adams Fall ist ganzverderbt (II),A minor
638,Es ist das Heil uns kommen her (I),D major
638a,Es ist das Heil uns kommen her (II),D major
639,"Ich ruf zu dir, Herr Jesu Christ (I)",F minor
640,"Ich dich hab ich gehoffet, Herr",E minor
641,Wenn wir in höchsten Nöten sein,G major
642,Wer nur den lieben Gott läßt walten (I),A minor
643,Alle Menschen müssen sterben (I),G major
644,"Ach wie nichtig, ach wie flüchtig",G minor
644a,"Chorale Preludes (6) (""Choräle von verschiedener Art"" or ""Schubler Chorales"")",
645,"Wachet auf, ruft uns die Stimme",E♭ major
646,Wo soll ich fliehen hin (I),E minor
647,Wer nur den lieben Gott lässt walten (II),C minor
648,Meine Seele erhebet den Herren,D minor
649,"Ach bleib bei uns, Herr Jesu Christ",B♭ major
650,"Kommst du nun, Jesu, vom Himmel herunter",G major
650a,"Chorale Preludes (18) (""Choräle von verschiedener Art"" or ""The Great Eighteen"")",
651,"Fantasia super ""Komm, Heiliger Geist""",F major
651a,"Fantasia super ""Komm, Heiliger Geist""",F major
652,"Komm, heiliger Geist (I)",G major
652a,"Komm, heiliger Geist (II)",G major
653,An Wasserflüssen Babylon (I),G major
653a,An Wasserflüssen Babylon (II),G major
653b,An Wasserflüssen Babylon (III),G major
654,"Schmücke dich, o liebe Seele (I)",E♭ major
654a,"Schmücke dich, o liebe Seele (II)",E♭ major
655,"Trio super ""Herr Jesu Christ, dich zu uns wend"" (I)",G major
655b,"Trio super ""Herr Jesu Christ, dich zu uns wend"" (III)",G major
655c,"Trio super ""Herr Jesu Christ, dich zu uns wend"" (IV)",G major
656,O Lamm Gottes unschuldig (II),A major
657,Nun danket alle Gott,G major
658,Von Gott will ich nicht lassen,F minor
658a,Von Gott will ich nicht lassen,F minor
659,Nun komm der Heiden Heiland (II),G minor
659a,Nun komm der Heiden Heiland (III),G minor
660,"Trio super ""Nun komm der Heiden Heiland"" (I)",G minor
660a,"Trio super ""Nun komm der Heiden Heiland"" (II)",G minor
660b,"Trio super ""Nun komm der Heiden Heiland"" (III)",G minor
661,Nun komm der Heiden Heiland (IV),G minor
661a,Nun komm der Heiden Heiland (V),G minor
662,Allein Gott in der Höh sei Ehr (I),A major
663,Allein Gott in der Höh sei Ehr (III),G major
664,"Trio super ""Allein Gott in der Höh sei Ehr""",A major
665,"Jesus Christus, unser Heiland (II)",E minor
665a,"Jesus Christus, unser Heiland (III)",E minor
666,"Jesus Christus, unser Heiland (IV)",E minor
666a,"Jesus Christus, unser Heiland (V)",E minor
667,"Komm, Gott Schöpfer, heiliger Geist (III)",C major
667a,"Komm, Gott Schöpfer, heiliger Geist (IV)",C major
667b,"Komm, Gott Schöpfer, heiliger Geist (V)",C major
668,Vor deinen Thron tret ich hiermit (I),G major
668a,"Vor deinen Thron tret ich hiermit (II) (""Wenn wir in höchsten   Nöten"")",G major
650a,"Chorale Preludes (""Clavier-Übung III"")",
669,Gott Vater in Ewigkeit (I),
670,"Christe, aller Welt Trost (I)",
671,Gott heiliger Geist (I),
672,Gott Vater in Ewigkeit (II),
673,"Christe, aller Welt Trost (II)",
674,Gott heiliger Geist (II),
675,Allein Gott in der Höh sei Ehr (V),
676,Allein Gott in der Höh sei Ehr (VI),
677,"Fughetta super ""Allein Gott in der Höh sei Ehr""",
678,Dies sind die heilgen zehn Gebot (II),
679,"Fughetta super ""Dies sind dieheilgen zehn Gebot""",
680,Wir glauben all an einen Gott (I),
681,"Fughetta super ""Wir glauben all aneinen Gott""",
682,Vater unser im Himmelreich (II),
683,Vater unser im Himmelreich (III),
684,"Christ, unser Herr, zum Jordankam (I)",
685,"Christ, unser Herr, zum Jordankam (II)",
686,Aus tiefer Not schrei ich zu dir (I),
687,Aus tiefer Not schrei ich zu dir (II),
688,"Jesus Christus, unser Heiland (VI)",
689,"Fuga super ""Jesus Christus unser Heiland""",
689a,"Chorale Preludes (""Kirnberger"")",
690,Wer nur den lieben Gott lässt walten (III),
691,Wer nur den lieben Gott lässt walten (IV),
691a,Wer nur den lieben Gott lässt walten (V),
692,Ach Gott und Herr (I),
692a,Ach Gott und Herr (I),
693,Ach Gott und Herr (II),
694,Wo soll ich fliehen hin (II),
695,"Fantasia super ""Christ lag in Todes Banden""",
695a,"Fantasia super ""Christ lag in Todes Banden""",
696,Christum wir sollen loben schon,
697,"Gelobet seist du, Jesu Christ (II)",
698,"Herr Christ, der einge Gottessohn",
699,Nun komm der Heiden Heiland (VI),
700,"Vom Himmel hoch, da komm ich her (II)",
701,"Vom Himmel hoch, da komm ich her (III)",
702,Das Jesulein soll doch mein Trost,
703,Gottes Sohn ist kommen,
704,Lob sei dem allmächtigen Gott (II),
705,Durch Adams Fall ist ganz verderbt (IV),D minor
706,"Liebster Jesu, wir sind hier (III)",
707,Ich hab' mein' Sach' Gott heimgestellt  (I),
708,Ich hab mein Sach Gottheimgestellt (II),
708a,Ich hab mein Sach Gottheimgestellt  (III),
709,"Herr Jesu Christ, dich zu unswend (II)",
710,Wir Christenleut habn jetz und Freud,
711,Allein Gott in der Höh sei Ehr (VII),
712,"In dich hab ich gehoffet, Herr",
713,"Fantasia super ""Jesu, meine Freude""",
714,"Ach Gott und Herr (""per canonem"")",
715,Allein Gott in der Höh sei Ehr (VIII),
716,"Fuga super ""Allein Gott in der Höh sei Ehr""",
717,Allein Gott in der Höh sei Ehr  (IX),
718,Christ lag in Todesbanden  (II),
719,"Der Tag, der ist so freudenreich  (II)",
720,Ein feste Burg ist unser Gott,
721,"Erbarm dich mein, o Herre Gott",
722,"Gelobet seist du, Jesu Christ (III)",
723,"Gelobet seist du, Jesu Christ",
724,"Gott, durch deine Güte (""Gottes Sohn ist kommen"")",
725,"Herr Gott, dich loben wir",
726,"Herr Jesu Christ, dich zu unswend (III)",
727,Herzlich tut mich verlangen,
728,"Jesus, meine Zuversicht",
729,In dulci jubilo (II),
729a,In dulci jubilo (III),
730,"Liebster Jesu, wir sind hier (IV)",
731,"Liebster Jesu, wir sind hier (V)",
732,"Lobt Gott, ihr Christen, allzugleich (II)",
733,Meine Seele erhebet den Herren (Fuga sopra il Magnificat),
734,"Nun freut euch, lieben Christen gmein  (I)",
734a,"Nun freut euch, lieben Christen gmein  (II)",
735,"Fantasia super ""Valet will ich dirgeben""",
736,Valet will ich dir geben,
737,Vater unser im Himmelreich  (IV),
738,"Vom Himmel hoch, da komm ich her  (IV)",
738a,"Vom Himmel hoch, da komm ich her  (V)",
739,Wie schön leuchtet uns der Morgenstern (I),
740,Wir glauben all an einen Gott (IV),
741,Ach Gott vom Himmel sieh darein,
742,"Ach Herr, mich armen Sünder",
743,"Ach, was ist doch unser Leben",
744,Auf meinen lieben Gott,
745,Aus der Tiefe rufe ich,
746,Christ ist erstanden (II),
747,"Christus, der uns selig macht (III)",
748,Gott der Vater wohn uns bei,
748a,Gott der Vater wohn uns bei,
749,"Herr Jesu Christ, dich zu uns wend (IV)",
750,"Herr Jesu Christ, meins Lebens Licht",
751,In dulci jubilo (IV),
752,"Jesu, der du meine Seele",
753,"Jesu, meine Freude (II)",
754,"Liebster Jesu, wir sind hier (VI)",
755,"Nun freut euch, lieben Christengmein (III)",
756,Nun ruhen alle Wälder,
757,"O Herre Gott, dein göttlich's Wort (I)",
758,"O Vater, allmächtiger Gott",
759,"Schmücke dich, o liebe SeeleI",
760,Vater unser im Himmelreich (VI),
761,Vater unser im Himmelreich (VII),
762,Vater unser im Himmelreich (V),
763,Wie schön leuchtet der Morgenstern (II),
764,Wie schön leuchtet der Morgenstern (III),
765,Wir glauben all an einen Gott (II),
766,"Christ, der du bist der helle Tag",
767,"O Gott, du frommer Gott",
768,"Sei gegrüsset, Jesu gütig",
769,"Vom himmel hoch, da komm ich her (I)",
769a,"Vom himmel hoch, da komm ich her (I)",
770,"Ach, was soll ich Sünder machen",
771,Allein Gott in der Höh sei Ehr',
772–786,Inventions (15):,C major
772,Invention No.1,C major
772a,Invention No.1,C major
773,Invention No.2,C minor
774,Invention No.3,D major
775,Invention No.4,D minor
776,Invention No.5,E♭ major
777,Invention No.6,E major
778,Invention No.7,E minor
779,Invention No.8,F major
780,Invention No.9,F minor
781,Invention No.10,G major
782,Invention No.11,G minor
783,Invention No.12,A major
784,Invention No.13,A minor
785,Invention No.14,B♭ major
786,Invention No.15,B minor
787–801,Sinfonias (15):,
787,Sinfonia No.1,C major
788,Sinfonia No.2,C minor
789,Sinfonia No.3,D major
790,Sinfonia No.4,D minor
791,Sinfonia No.5,E♭ major
792,Sinfonia No.6,E major
793,Sinfonia No.7,E minor
794,Sinfonia No.8,F major
795,Sinfonia No.9,F minor
796,Sinfonia No.10,G major
797,Sinfonia No.11,G minor
798,Sinfonia No.12,A major
799,Sinfonia No.13,A minor
800,Sinfonia No.14,B♭ major
801,Sinfonia No.15,B minor
802,Duetto No.1,E minor
803,Duetto No.2,F major
804,Duetto No.3,G major
805,Duetto No.4,A minor
806,English Suite No.1,A major
807,English Suite No.2,A minor
808,English Suite No.3,G minor
809,English Suite No.4,F major
810,English Suite No.5,E minor
811,English Suite No.6,D minor
812,French Suite No.1,D minor
813,French Suite No.2,C minor
813a,French Suite No.2,C minor
814,French Suite No.3,B minor
814a,French Suite No.3,B minor
815,French Suite No.4,E♭ major
815a,French Suite No.4,E♭ major
816,French Suite No.5,G major
817,French Suite No.6,E major
818,Suite,A minor
818a,Suite,A minor
819,Suite,E♭ major
819a,Suite,E♭ major
820,Overture,F major
821,Suite,B♭ major
822,Suite,G minor
823,Suite,F minor
824,Suite,A major
825,Partita No.1,B♭ major
826,Partita No.2,C minor
827,Partita No.3,A minor
828,Partita No.4,D major
829,Partita No.5,G major
830,Partita No.6,E minor
831,Ouverture nach Französischer Art(Overture in the French Style),B minor
831a,Ouverture nach Französischer Art(Overture in the French Style),C minor
832,Suite,A major
833,Praeludium et Partita dei Tuono Terzo,F major
834,Allemande,C minor
835,Allemande,A minor
836,Allemande,G minor
837,Allemande,G minor
838,Allemande and Courante,A major
839,Sarabande,G minor
840,Courante,G major
841,Minuet,G major
842,Minuet,G minor
843,Minuet,G major
844,Scherzo,D minor
844a,Scherzo,E minor
845,Gigue,F minor
846-869,"Das wohltemperierte Klavier I (The Well-Tempered Clavier, Part I)",
846,Prelude and Fugue,C major
846a,Prelude and Fugue,C major
847,Prelude and Fugue,C minor
848,Prelude and Fugue,C♯ major
849,Prelude and Fugue,C♯ minor
850,Prelude and Fugue,D major
851,Prelude and Fugue,D minor
852,Prelude and Fugue,E♭ major
853,Prelude and Fugue,E♭ minor
854,Prelude and Fugue,E major
855,Prelude and Fugue,E minor
855a,Prelude and Fugue,E minor
856,Prelude and Fugue,F major
857,Prelude and Fugue,F minor
858,Prelude and Fugue,F♯ major
859,Prelude and Fugue,F♯ minor
860,Prelude and Fugue,G major
861,Prelude and Fugue,G minor
862,Prelude and Fugue,A♭ major
863,Prelude and Fugue,G♯ minor
864,Prelude and Fugue,A major
865,Prelude and Fugue,A minor
866,Prelude and Fugue,B♭ major
867,Prelude and Fugue,B♭ minor
868,Prelude and Fugue,B major
869,Prelude and Fugue,B minor
870-893,"Das wohltemperierte Klavier II (The Well-Tempered Clavier, Part II)",
870,Prelude and Fugue,C major
870a,Prelude and Fugue,C major
870b,Prelude and Fugue,C major
871,Prelude and Fugue,C minor
872,Prelude and Fugue,C♯ major
872a,Prelude and Fugue,C♯ major
873,Prelude and Fugue,C♯ minor
874,Prelude and Fugue,D major
875,Prelude and Fugue,D minor
875a,Prelude and Fugue,D minor
876,Prelude and Fugue,E♭ major
877,Prelude and Fugue,E♭ minor
878,Prelude and Fugue,E major
879,Prelude and Fugue,E minor
880,Prelude and Fugue,F major
881,Prelude and Fugue,F minor
882,Prelude and Fugue,F♯ major
883,Prelude and Fugue,F♯ minor
884,Prelude and Fugue,G major
885,Prelude and Fugue,G minor
886,Prelude and Fugue,A♭ major
887,Prelude and Fugue,G♯ minor
888,Prelude and Fugue,A major
889,Prelude and Fugue,A minor
890,Prelude and Fugue,B♭ major
891,Prelude and Fugue,B♭ minor
892,Prelude and Fugue,B major
893,Prelude and Fugue,B minor
894,Prelude and Fugue,A minor
895,Prelude and Fugue,A minor
896,Prelude and Fugue,A minor
897,Prelude and Fugue,A minor
898,"Prelude and Fugue (on the name of ""B-A-C-H"")",B♭ major
899,Prelude and Fughetta,D minor
900,Prelude and Fughetta,E minor
901,Prelude and Fughetta,F major
902,Prelude and Fughetta,G major
902/1a,Prelude,G major
903,Chromatic Fantasia,D minor
903a,Fantasia,D minor
904,Fantasia and Fugue,A minor
905,Fantasia and Fugue,D minor
906,Fantasia and Fugue,C minor
907,Fantasia and Fughetta,B♭ major
908,Fantasia and Fughetta,D major
909,Concerto and Fugue,C minor
910,Toccata,F♯ minor
911,Toccata,C minor
912,Toccata,D major
912a,Variations (2),D major
913,Toccata,D minor
914,Toccata,E minor
915,Toccata,G minor
916,Toccata,G major
917,Fantasia,G minor
918,Fantasia (Fantasia über ein rondo),C minor
919,Fantasia,C minor
920,Fantasia,G minor
921,Prelude (Fantasia),C minor
922,Prelude (Fantasia),A minor
923,Prelude,B minor
923a,Prelude,A minor
924–932,Kleine Präluden (9):,
924,Prelude,C major
924a,Prelude,C major
925,Prelude,D major
926,Prelude,D minor
927,Prelude,F major
928,Prelude,F major
929,Prelude,G minor
930,Prelude,G minor
931,Prelude,A minor
932,Prelude,E minor
933–938,Kleine Präluden (6):,
933,Prelude,C major
934,Prelude,C minor
935,Prelude,D minor
936,Prelude,D major
937,Prelude,E major
938,Prelude,E minor
939–943,Kleine Präluden (5):,
939,Prelude,C major
940,Prelude,D major
941,Prelude,E minor
942,Prelude,A minor
943,Prelude,C major
944,Fantasia and Fugue,A minor
945,Fugue,E minor
946,Fugue,C major
947,Fugue,A minor
948,Fugue,D minor
949,Fugue,A major
950,Fugue,A major
951,Fugue,B minor
951a,Fugue,B minor
952,Fugue,C major
953,Fugue,C major
954,Fugue,B♭ major
955,Fugue,B♭ major
955a,Fugue,G major
956,Fugue,E minor
957,"Machs mit mir, Gott, nach deiner Güt",G major
958,Fugue,A minor
959,Fugue,A minor
960,Fugue,E minor
961,Fughetta,C minor
962,Fugue,E minor
963,Sonata,D major
964,Sonata,D minor
965,Sonata,A minor
966,Sonata,C major
967,Sonata,A minor
968,Adagio,G major
969,Andante,G minor
970,Presto,D minor
971,Italienisches Konzert (Italian Concerto),F major
972–987,Konzerte nach verschiedenen Meistem (Concertos by Various Maestros) (16):,
972,Concerto No.1,D major
973,Concerto No.2,G major
974,Concerto No.3,D minor
975,Concerto No.4,G minor
976,Concerto No.5,C major
977,Concerto No.6,C major
978,Concerto No.7,F major
979,Concerto No.8,B minor
980,Concerto No.9,G major
981,Concerto No.10,C minor
982,Concerto No.11,B♭ major
983,Concerto No.12,G minor
984,Concerto No.13,C major
985,Concerto No.14,G minor
986,Concerto No.15,G major
987,Concerto No.16,D minor
988,Goldberg-Variationen (Goldberg Variations),G major
989,"Aria variata (""alla maniera italiana"")",A minor
990,Sarabande con partite,C major
991,Air with Variations,C minor
992,"Capriccio (""sopra la lotananza delsuo fratello dilettissimo"")",B♭ major
993,"Capriccio (""in honorem Johann Christoph Bachii"")",E major
994,Applicatio,C major
995,Suite,G minor
996,Suite,E minor
997,Suite,C minor
998,"Prelude, Fugue and Allegro",E♭ major
999,Prelude,C minor
1000,Fugue,G minor
1001-1006,6 Violin Sonatas and Partitas,
1001,Violin Sonata No.1,G minor
1002,Violin Partita No.1,B minor
1003,Violin Sonata No.2,A minor
1004,Violin Partita No.2,D minor
1005,Violin Sonata No.3,C major
1006,Violin Partita No.3,E major
1006a,Suite,E major
1007-1012,6 Cello Suites,
1007,Cello Suite No.1,G major
1008,Cello Suite No.2,D minor
1009,Cello Suite No.3,C major
1010,Cello Suite No.4,E♭ major
1011,Cello Suite No.5,C minor
1012,Cello Suite No.6,D major
1013,Partita,A minor
1014–1019,Violin Sonatas (6):,
1014,Sonata No.1,B minor
1015,Sonata No.2,A major
1016,Sonata No.3,E major
1017,Sonata No.4,C minor
1018,Sonata No.5,F minor
1018a,Sonata No.5,F minor
1019,Sonata No.6,G major
1019a,Sonata No.6,G major
1020,Violin Sonata,G minor
1021,Violin Sonata,G major
1022,Violin Sonata,F major
1023,Violin Sonata,E minor
1024,Violin Sonata,C minor
1025,Suite,A major
1026,Fugue,G minor
1027–1029,Sonatas for Viola da Gamba and Harpsichord (3):,
1027,Sonata No.1,G major
1028,Sonata No.2,D major
1029,Sonata No.3,G minor
1027a,Trios (3),G major
1030,Flute Sonata,B minor
1030b,Oboe Sonata,G minor
1031,Flute Sonata,E♭ major
1032,Flute Sonata,A major
1033,Flute Sonata,C major
1034,Flute Sonata,E minor
1035,Flute Sonata,E major
1036,Trio Sonata,D minor
1037,Trio Sonata,C major
1038,Trio Sonata,G major
1039,Trio Sonata,G major
1040,Trio Sonata,F major
1041,Violin Concerto,A minor
1042,Violin Concerto,E major
1043,"Concerto for 2 Violins (""Double Concerto"")",D minor
1044,"Concerto for Flute, Violin and Harpsichord (""Triple Concerto"")",A minor
1045,Sinfonia,D major
1046,Brandenburg Concerto No.1,F major
1046a(1071),Sinfonia,F major
1047,Brandenburg Concerto No.2,F major
1048,Brandenburg Concerto No.3,G major
1049,Brandenburg Concerto No.4,G major
1050,Brandenburg Concerto No.5,D major
1050a,Brandenburg Concerto No.5,D major
1051,Brandenburg Concerto No.6,B♭ major
1052,Harpsichord Concerto No.1,D minor
1052a,Harpsichord Concerto No.1,D minor
1052R,Violin Concerto,D minor
1053,Harpsichord Concerto No.2,E major
1053R,Oboe Concerto,F major
1054,Harpsichord Concerto No.3,D major
1055,Harpsichord Concerto No.4,A major
1055R,Oboe d'amore Concerto,A major
1056,Harpsichord Concerto No.5,F minor
1056R,Violin Concerto,G minor
1057,Harpsichord Concerto No.6,F major
1058,Harpsichord Concerto No.7,G minor
1059,Harpsichord Concerto No.8,D minor
1059R,Oboe Concerto,D minor
1060,Concerto for 2 Harpsichords,C minor
1060R,Concerto for Oboe and Violin,C minor
1061,Concerto for 2 Harpsichords,C major
1061a,Concerto for 2 Harpsichords,C major
1062,Concerto for 2 Harpsichords,C minor
1063,Concerto for 3 Harpsichords,D minor
1064,Concerto for 3 Harpsichords,C major
1064R,Concerto for 3 Violins,D major
1065,Concerto for 4 Harpsichords,A minor
1066,Orchestral Suite No.1 (Overture),C major
1067,Orchestral Suite No.2 (Overture),B minor
1068,Orchestral Suite No.3 (Overture),D major
1069,Orchestral Suite No.4 (Overture),D major
1070,"Overture (""Orchestral Suite No.5"")",G minor
1071,Sinfonia,F major
1072,"Canon (""Canon trias harmonica"")",D major
1073,"Canon (""Canon a 4 perpetuus"")",A minor
1074,"Canon (""Canon a 4"")",A minor
1075,"Canon  (""Canon a 2 perpetuus"")",D major
1076,"Canon (""Canon triplex a 6"")",G major
1077,"Canon (""Canone doppio sopr' il soggetto"")",G major
1078,"Canon (""Canon super fa miá 7 post tempus musicum"")",F major
1079,"Musikalisches Opfer (""Musical Offering"")",
1080,"Die Kunst der Fuge (""The Art of the Fugue"")",D minor
1081,Credo in unum Deum,F major
1082,Suscepit Israel puerum suum,E minor
1083,"Tilge, Höchster, meine Sünden (Psalm 51)",
1084,"O hilf, Christe, Gottes Sohn",
1085,O Lamm Gottes unschuldig (IV),
1086,"Canon (""Concordia discors"")",D major
1087,Canons (14),G major
1088,So heb ich denn mein Augesehnlich auf,G minor/ E♭ major
1089,Da Jesus an dem Kreuze stund,
1090–1120,"Chorale Preludes (""Neumeister Chorales"") (31):",
1090,Wir Christenleut'  (II),
1091,Das alte Jahr vergangen ist  (II),
1092,"Herr Gott, nun schleuss den Himmel auf  (II)",
1093,"Herzliebster Jesu, was hast duverbrochen  (I)",
1094,"O Jesu, wie ist dein Gestalt",
1095,O Lamm Gottes unschuldig (V),
1096,"Christ, der du bist Tag und Licht",
1097,"Ehre sei dir, Christe, der duleidest Not",
1098,Wir glauben all an einen Gott  (III),
1099,Aus tiefer Not schrei ich zu dir  (III),
1100,"Allein zu dir, Herr Jesu Christ",
1101,Durch Adams Fall ist ganzverderbt  (III),
1102,"Du Friedenfürst, Herr Jesu Christ",
1103,"Erhalt uns, Herr, bei deinem Wort  (I)",
1104,Wenn dich Unglück tut greifen an,
1105,"Jesu, meine Freude  (III)",
1106,"Gott ist mein Heil, mein Hilf undTrost",
1107,"Jesu, meines Lebens Leben  (I)",
1108,Als Jesus Christus in der Nacht,
1109,"Ach Gott, tu dich erbarmen",
1110,"O Herre Gott, dein göttlich's Wort  (II)",
1111,Nun lasst uns den Leib begraben,
1112,"Christus, der ist mein Leben",
1113,Ich hab mein Sach Gottheimgestellt  (IV),
1114,"Herr Jesu Christ, du höchstes Gut",
1115,"Herzlich lieb hab ich dich, o Herr,",
1116,"Was Gott tut, das ist wohlgetan  (I)",
1117,Alle Menschen müssen sterben  (II),
1118,"Werde munter, mein Gemüte",
1119,Wie nach einer Wasserquelle,
1120,"Christ, der du bist der helle Tag",
1121,Fantasia,C minor
1122–1126,Chorale Preludes (5):,
1122,"Denket doch, ihr Menschenkinder",
1123,Wo Gott zum Haus nicht gibt sein' Gunst (II),
1124,"Ich ruf zu dir, Herr Jesu Christ",
1125,"O Gott, du frommer Gott (III)",
1126,"Lobet Gott, unseren Herren",
1127,"Alles mit Gott, nichts ohn' ihn",
1128,Wo Gott der Herr nicht bei uns hält,B♭ major
Anh.001,Gesegnet ist die Zuversicht,
Anh.002,Cantata,
Anh.003,"Gott, gib dein Gerichte dem Könige",
Anh.004,Wünschet Jerusalem Glück,
Anh.004a,Wünschet Jerusalem Glück,
Anh.005,"Lobet der Herrn, alle seine Heerscharen",
Anh.006,Dich loben die lieblichen Strahlen,
Anh.007,Heut ist gewiss ein guter Tag,
Anh.008,Cantata,
Anh.009,"Entfernet euch, ihr heitern Sterne",
Anh.010,"So kämpfet nur, ihr muntern Töne",
Anh.011,"Es lebe der König, der Vater im Lande",
Anh.012,"Frohes Volk, vergnügte Sachsen",
Anh.013,Willkommen! Ihr herrschenden Götter,
Anh.014,Sein Segen fliesst daher wie ein Strom,
Anh.015,"Siehe, der Hüter Israel",
Anh.016,Schließt die Gruft! Ihr Trauerglocken,
Anh.017,"Mein Gott, nimm die gerechte Seele",
Anh.018,"Froher Tag, verlangte Stunden",
Anh.019,Thomana saß annoch betrübt,
Anh.020,Cantata,
Anh.021,"Magnificat (""Kleine Magnificat"")",A minor
Anh.022,Concerto for Oboe and Violin,
Anh.023,Concerto,E minor
Anh.024,Mass,A minor
Anh.025,Mass,C major
Anh.026,Mass,C minor
Anh.027,Sanctus,F major
Anh.028,Sanctus,B♭ major
Anh.029,Mass,C minor
Anh.030,Magnificat,C major
Anh.031,"Herr Gott, dich loben alle wir",D major
Anh.032–39,Geistliche Oden und ein Gedicht (7):,
Anh.032,Getrost mein Geist,
Anh.033,"Mein Jesus, spare nicht",
Anh.034,Kann ich mit einem Tone,
Anh.035,Meine Seele lass die Flügel,
Anh.036,Ich stimm' itzund ein Straff-Lied an,
Anh.037,Der schwarze Flügel trüber Nacht,
Anh.038,Das Finsterniß tritt ein,
Anh.039,Ach was wollt ihr trüben Sinnen,
Anh.040,Ich bin nun wie ich bin,
Anh.041,"Dir zu Liebe, wertes Herze",
Anh.042,Fugue,F major
Anh.043,Fugue,B minor
Anh.044,Fugue,G major
Anh.045,"Fugue (on ""B-A-C-H"")",B♭ major
Anh.046,Trio,C minor
Anh.047,"Ach Herr, mich armen Sünder",
Anh.048,Allein Gott in der Höh sei Ehr,
Anh.049,Ein feste Burg ist unser Gott,
Anh.050,"Erhalt uns, Herr, bei deinem Wort (II)",
Anh.051,Erstanden ist der heil'ge Christ (II),
Anh.052,"Freu dich sehr, o meine Seele",
Anh.053,"Schlage doch, gewünschte Stunde",
Anh.054,Helft mir Gottes Güte preisen (II),
Anh.055,"Herr Christ, der einge Gottessohn  (II)",
Anh.056,"Herr Jesu Christ, dich zu uns wend",
Anh.057,"Jesu Leiden, Pein und Tod",
Anh.058,"Jesu, meine Freude (IV)",
Anh.059,"Jesu, meine Freude (V)",
Anh.060,Nun lob' meine Seele,
Anh.061,O Mensch bewein dein' Sünde groß,
Anh.062a,Sei Lob und Ehr (I),
Anh.062b,Sei Lob und Ehr  (II),
Anh.063,"Vom Himmel hoch, da komm ich her (VI)",
Anh.064,"Vom Himmel hoch, da komm ich her (VII)",
Anh.066,"Wachet auf, ruft uns die Stimme",
Anh.067,"Was Gott tut, das ist wohlgetan (II)",
Anh.068,Wer nur den lieben Gott lässt walten (VI),
Anh.069,Wir glauben all an einen Gott (V),
Anh.070,Wir glauben all an einen Gott (VI),
Anh.071,see BWV 1128,
Anh.072,Canon,G minor
Anh.073,"Ich ruf zu dir, Herr Jesu Christ (III)",
Anh.074,"Schmücke dich, o liebe Seele (III)",
Anh.075,"Herr Christ, der einge Gottessohn (III)",
Anh.076,"Jesu, meine Freude (VI)",
Anh.077,"Herr Christ, der einge Gottessohn",
Anh.078,Wenn wir in höchsten Nöten sein,
Anh.079,Befiehl du deine Wege,
Anh.080,Suite,F major
Anh.081,Gigue,
Anh.082,Chaconne,B♭ major
Anh.083,Chaconne,A major
Anh.084,Chaconne,G major
Anh.085,Toccata and Fugue,F minor
Anh.086,Fantasia,C minor
Anh.087,Fantasia,C major
Anh.088,Fugue,C major
Anh.089,Fugue,C major
Anh.090,Fugue,C major
Anh.091,Fugue,G major
Anh.092,Fugue,G major
Anh.093,Fugue,E minor
Anh.094,Fugue,E minor
Anh.095,Fugue,E minor
Anh.096,Fugue,D major
Anh.097,Fugue,F♯ major
Anh.098,Fugue,D minor
Anh.099,Fugue,D minor
Anh.100,Fugue,D minor
Anh.101,Fugue,G minor
Anh.102,Fugue,G♭ major
Anh.103,Fugue,A minor
Anh.104,Fugue,C minor
Anh.105,Fugue,B♭ major
Anh.106,Fugue,G minor
Anh.107,"Fugue (on the theme ""B-A-C-H"")",C major
Anh.108,"Fugue (on the theme ""B-A-C-H"")",C major
Anh.109,"Fugue (on the theme ""B-A-C-H"")",G minor
Anh.110,"Fugue (on the theme ""B-A-C-H"")",C minor
Anh.111,Largo and Allegro,G major
Anh.112,Prelude (Grave),E minor
Anh.112a,Notebook II for Anna Magdalena Bach (20):,
Anh.113,Minuet,F major
Anh.114,Minuet,G major
Anh.115,Minuet,G minor
Anh.116,Minuet,G major
Anh.117,Polonaise,F major
Anh.117a,Polonaise,F major
Anh.118,Minuet,B♭ major
Anh.119,Polonaise,G minor
Anh.120,Minuet,A minor
Anh.121,Minuet,C minor
Anh.122,March,D major
Anh.123,Polonaise,G minor
Anh.124,March,G major
Anh.125,Polonaise,G minor
Anh.126,Musette,D major
Anh.127,March,E♭ major
Anh.128,Polonaise,D minor
Anh.129,Harpsichord Sonata,E♭ major
Anh.130,Polonaise,G major
Anh.131,March,F major
Anh.132,Minuet,D minor
Anh.133–150,Pieces for a Musical Clock (18),
Anh.151,Concerto,C major
Anh.152,Concerto,G major
Anh.153,Violin Sonata,A major
Anh.154,Violin Sonata,E♭ major
Anh.155,Concerto,A major
Anh.156,"Herr Christ, der einge Gottessohn",
Anh.157,Ich habe Lust zu scheiden,
Anh.158,Andrò dall' colle aI Prato,
Anh.159,Ich lasse dich nicht,
Anh.160,"Jauchzet dem Herrn, alle Welt",
Anh.161,Kündlich groß ist das gottselige Geheimnis,
Anh.162,Lob und Ehre und Weisheit und Dank,
Anh.163,"Merk auf, mein Herz und sieh dorthin",
Anh.164,Nun danket alle Gott,
Anh.165,Unser Wandel ist im Himmel,
Anh.166,Mass,E minor
Anh.167,Mass,G major
Anh.168,Kyrie,G minor
Anh.169,Erbauliche Gedanken auf den Gruenen Donnerstag und Charfreitag ueber den Leidenden Jesum,
Anh.170,"Welt ade, ich bin dein müde",
Anh.171,Christ lag in Todesbanden,
Anh.172,"Herr Jesu Christ, dich zu uns wend",
Anh.173–176,Inventions (4),
Anh.177,Prelude and Fugue,E♭ major
Anh.178,Toccata quasi Fantasia con Fuge,A major
Anh.179,Fantasia durch alle Tonarten gehend,
Anh.180,Fugue,D minor
Anh.181,Fugue,A minor
Anh.182,Passacaglia,D minor
Anh.183,Rondo,B♭ major
Anh.184,Violin Sonata,A minor
Anh.185,Sonata for 2 Violins,D major
Anh.186,Sonata for 2 Violins,F major
Anh.187,Trio,F major
Anh.188,Sonata (Concerto),F major
Anh.189,Harpsichord Concerto,A minor
Anh.190,Ich bin ein Pilgrim auf der Welt,
Anh.191,Leb ich oder leb ich icht,
Anh.192,Cantata,
Anh.193,"Herrscher des Himmels, König der Ehren",
Anh.194,Cantata,
Anh.195,"Murmelt nur, ihr heitern Bäche",
Anh.196,"Auf, süß entzückende Gewalt",
Anh.197,Ihr wallenden Wolken,
Anh.198,Sinfonia,
Anh.199,"Siehe, eine Jungfrau ist schwanger",
Anh.200,"O Traurigkeit, o Herzeleid",
Anh.201–204,Chorales (4):,
Anh.201,"Du Friedefürst, Herr Jesu Christ",G minor
Anh.202,Gott has das Evangelium,F major
Anh.203,Och hebe meine Augen auf,A minor
Anh.204,"O Traurigkeit, o Herzeleid",B minor
Anh.205,see BWV 1121,
Anh.206,Ach bleib mit deiner Gnade,
Anh.207,Fugue,E minor
Anh.208,Fugue,E♭ minor
